{
  "BookName": "비상연락망",
  "Users": [
    {
      "Idx": 200110,
      "Name": "MAY",
      "Age": 1,
      "PhoneNum": "111-1111-1111",
      "EMail": "test1@test.co.kr",
      "Company": "YLP",
      "Description": "TEST1"
    },
    {
      "Idx": 191230,
      "Name": "JUN",
      "Age": 2,
      "PhoneNum": "222-2222-2222",
      "EMail": "test2@test.co.kr",
      "Company": "YLP",
      "Description": "TEST2"
    },
    {
      "Idx": 910505,
      "Name": "K",
      "Age": 3,
      "PhoneNum": "333-3333-3333",
      "EMail": "test3@test.co.kr",
      "Company": "YLP",
      "Description": "TEST3"
    },
    {
      "Idx": 810217,
      "Name": "Steven",
      "Age": 4,
      "PhoneNum": "444-4444-4444",
      "EMail": "test4@test.co.kr",
      "Company": "YLP",
      "Description": "TEST4"
    },
    {
      "Idx": 950728,
      "Name": "Mario",
      "Age": 5,
      "PhoneNum": "555-5555-5555",
      "EMail": "test5@test.co.kr",
      "Company": "YLP",
      "Description": "TEST5"
    },
    {
      "Idx": 101212,
      "Name": "Tomas",
      "Age": 6,
      "PhoneNum": "666-6666-6666",
      "EMail": "test6@test.co.kr",
      "Company": "YLP",
      "Description": "TEST6"
    },
    {
      "Idx": 110830,
      "Name": "Lou",
      "Age": 7,
      "PhoneNum": "777-7777-7777",
      "EMail": "test7@test.co.kr",
      "Company": "YLP",
      "Description": "TEST7"
    },
    {
      "Idx": 40226,
      "Name": "Julia",
      "Age": 8,
      "PhoneNum": "888-8888-8888",
      "EMail": "test8@test.co.kr",
      "Company": "YLP",
      "Description": "TEST8"
    },
    {
      "Idx": 210927,
      "Name": "Natalie",
      "Age": 9,
      "PhoneNum": "999-9999-9999",
      "EMail": "test9@test.co.kr",
      "Company": "YLP",
      "Description": "TEST9"
    }
  ]
}